description,snapshot,time_Myr,value
Final M33 mass fraction,801.0,11428.57143,0.7155913978494625
F6_Final M33 sersic n,801.0,11428.57143,1.4742644583373878
